BUS,PD,QD,Vmax,Vmin,basekV,zone
1,62.87216443865786,0.07433116955506068,1.0758883889347604,0.9236591844138342,1,1
2,15.247275074558598,22.396669024777406,1.0771888880537988,0.9416039730063253,1,1
3,81.60997781802281,8.85975287312244,1.0587970461260285,0.9209604365450779,1,1
4,38.73658884635398,13.74127197666338,1.0757159719457665,0.938873916817805,1,1
5,94.2595647180776,10.596791304703354,1.0780383580235244,0.9325437728510824,1,1
6,17.965812683874816,2.6116151845207343,1.0609543057968347,0.9382683364722831,1,1
7,83.67419743385136,21.045819948739418,1.0587969402165542,0.9286311388188144,1,1
