BUS,PD,QD,Vmax,Vmin,basekV,zone
1,63,37,1.0564617334690034,0.9295097955012344,1,1
2,42,21,1.0844507400598524,0.9410125694885124,1,1
3,68,41,1.0842658928400153,0.9094721253056469,1,1
4,75,32,1.0593652767365207,0.9148692143528013,1,1
5,53,26,1.0515297751531059,0.9218547977079339,1,1
