BUS,P_MIN,P_MAX,Q_MIN,Q_MAX,P_COSTE0,P_COSTE1,P_COSTE2
1,0,131,-64,65,25,11,0.053746582549296054
2,0,130,-65,65,25,11,0.046227633659117584
3,0,130,-64,65,24,10,0.055624606288915884
4,0,130,-65,65,20,10,0.042769760552836246
