F_BUS,T_BUS,R,X,BSh,L_SMAX,status
1,2,0.010940997879600525,0.07778683497773572,0,991,1
1,3,0.021017889910142896,0.07639238322059771,0,1005,1
2,4,0.02061138443318992,0.055410109053638495,0,993,1
3,5,0.012722668407140281,0.06462457891977522,0,997,1
4,5,0.017972347037912013,0.05110222821896805,0,1007,1
