BUS,P_MIN,P_MAX,Q_MIN,Q_MAX,P_COSTE0,P_COSTE1,P_COSTE2
1,0,98,-49,52,22,12,0.050991299576821525
2,0,98,-50,50,20,11,0.06729324873211788
3,0,100,-48,51,20,12,0.0549911186776808
