F_BUS,T_BUS,R,X,BSh,L_SMAX,status
1,2,0.022538490768179868,0.051576075302226396,0,951,1
1,3,0.022090644151046755,0.0662225698558454,0,951,1
2,4,0.014873580777855978,0.10177608810776485,0,973,1
