BUS,PD,QD,Vmax,Vmin,basekV,zone
1,60,52,1.0457210186423807,0.9475726121598408,1,1
2,51,42,1.0492240876340464,0.9497425895395633,1,1
3,49,39,1.046885836523114,0.9481372698033502,1,1
4,68,20,1.0489856341794899,0.9452782316753322,1,1
