BUS,PD,QD,Vmax,Vmin,basekV,zone
1,61.44916364267886,18.982000933927164,1.0727365773552746,0.9099102717519666,1,1
2,19.791380318292013,3.1358479269969446,1.0620075881200832,0.9405307546690398,1,1
3,76.36085381625504,6.379064332722969,1.071030804869727,0.9305749884287482,1,1
4,27.081901104688164,1.973209963081503,1.0688910247902494,0.9377384804959574,1,1
5,36.74596509620017,4.876136911252824,1.0604309886436725,0.9454948499158679,1,1
6,15.94876972358848,8.774367983833443,1.0669109433513564,0.9407065323060986,1,1
