F_BUS,T_BUS,R,X,BSh,L_SMAX,status
1,2,0.024769493164335906,0.04181959504467374,0,9934,1
1,3,0.018183568344851853,0.030467078124135353,0,10059,1
2,4,0.016760660277770723,0.03686351736043126,0,10064,1
3,5,0.01921922004039823,0.04596355302822576,0,10076,1
4,6,0.014574293829254518,0.03554236358792455,0,10015,1
5,6,0.023253910293571455,0.02525736175634736,0,9984,1
2,5,0.01043739713503268,0.036826733633793046,0,9931,1
3,4,0.02279244223133709,0.04500223858131642,0,9923,1
