F_BUS,T_BUS,R,X,BSh,L_SMAX,status
1,2,0.010826472613847735,0.049261599996323666,0,10017,1
1,3,0.012821330374984797,0.032596508446619196,0,9905,1
2,4,0.010167087174442691,0.031107020014773626,0,9944,1
3,5,0.01380636509557479,0.03793358163091602,0,10003,1
4,6,0.010034726272363263,0.04243689250184976,0,9979,1
5,6,0.015656713511663464,0.036076637010045896,0,9991,1
2,5,0.011536913143595473,0.03420584766044443,0,10027,1
3,4,0.01314205329387379,0.03849336103400953,0,9949,1
