BUS,PD,QD,Vmax,Vmin,basekV,zone
1,32.96831034225126,24.689539799720976,1.0763715509350467,0.9122640479420304,1,1
2,87.41137680659125,9.983345440583138,1.0541281869215846,0.9359191224330885,1,1
3,62.40718843218422,24.191725085623787,1.05921160081326,0.9402408539234297,1,1
4,39.48249539471797,19.69969810346237,1.0569559587344448,0.9334281363945103,1,1
5,32.99216948619793,22.736377008298213,1.0712599539759577,0.9126918575895148,1,1
6,27.87766195524729,4.6748915502173665,1.0589959779031237,0.9344465629129312,1,1
7,51.34135825264105,21.29042579659668,1.061873168582806,0.9155576387092857,1,1
8,85.73361878418407,7.769513582693054,1.0680895832328063,0.9442350498160784,1,1
9,26.91642057026162,15.829535190538293,1.0525848869744738,0.9366421409387823,1,1
