BUS,PD,QD,Vmax,Vmin,basekV,zone
1,70,24,1.0581867001432406,0.9480966483492056,1,1
2,45,28,1.087784421757765,0.9383894739917058,1,1
3,68,25,1.0540107032529566,0.9260637577890729,1,1
4,62,40,1.0731221356144502,0.9201085025121868,1,1
