F_BUS,T_BUS,R,X,BSh,L_SMAX,status
1,2,0.020624605717157674,0.08166897032158799,0,994,1
1,3,0.019643754247251517,0.05520349839981617,0,995,1
2,4,0.016291935620790166,0.07011991424365385,0,1004,1
