BUS,P_MIN,P_MAX,Q_MIN,Q_MAX,P_COSTE0,P_COSTE1,P_COSTE2
1,0,100,-50,50,24,11,0.05916565440345325
2,0,100,-50,50,23,11,0.06445450814889438
3,0,100,-50,50,24,10,0.06416367541485418
