BUS,P_MIN,P_MAX,Q_MIN,Q_MAX,P_COSTE0,P_COSTE1,P_COSTE2
1,0,100,-50,50,22,12,0.05443558245466174
2,0,100,-50,50,25,15,0.05701447815043359
3,0,100,-50,50,22,11,0.051799515039366355
