F_BUS,T_BUS,R,X,BSh,L_SMAX,status
1,2,0.023498257387763,0.09035562649095207,0,1005,1
1,3,0.019498030136637833,0.07676713601352007,0,998,1
2,4,0.02245706496265311,0.07879540117338052,0,999,1
