BUS,PD,QD,Vmax,Vmin,basekV,zone
1,63,34,1.05575316547599,0.9313219334768043,1,1
2,40,26,1.0812465571582954,0.9175130940410806,1,1
3,56,23,1.0802757855454839,0.9180656045398006,1,1
4,56,38,1.064066371900258,0.9344153756574697,1,1
