F_BUS,T_BUS,R,X,BSh,L_SMAX,status
1,2,0.019121767256551313,0.03566773180529994,0,10088,1
1,3,0.02458759799070546,0.04265300034701808,0,10040,1
2,4,0.011541343786359456,0.031581405314138,0,10095,1
3,5,0.024643990841342396,0.02691735167409078,0,9931,1
4,6,0.019627092974113858,0.027958023485825823,0,10017,1
5,6,0.016992708803419708,0.029789363115302517,0,9907,1
2,5,0.017402509832203542,0.025753107846785677,0,9989,1
3,4,0.014331675051946918,0.034070930633183324,0,10006,1
