BUS,PD,QD,Vmax,Vmin,basekV,zone
1,13.27184828431074,14.404146378605084,1.0553492004434415,0.9136275975529577,1,1
2,72.14991709676475,6.603066287203611,1.073082059205582,0.9282086597575537,1,1
3,5.08103103670409,20.676449880900023,1.0830030038129048,0.9145001709566655,1,1
4,67.5980942926797,12.639461318877096,1.072009692302728,0.912953182563007,1,1
5,24.61097446152961,10.24202297509366,1.07429650244265,0.9346362166212627,1,1
6,10.837373721503662,10.670611307307619,1.063557886167654,0.9484880013382925,1,1
7,9.18389606410607,23.830026183300134,1.062367524285842,0.9454925104127351,1,1
8,15.537938720138845,26.203760756082485,1.0778656243885991,0.9416150836253723,1,1
