BUS,PD,QD,Vmax,Vmin,basekV,zone
1,43.10438726155402,7.869293582781241,1.0875241784439238,0.9345391578419568,1,1
2,18.28487283949992,5.127958173638894,1.0857513507834462,0.9111012114088625,1,1
3,40.45703957020799,14.592712214378802,1.0614266797689322,0.9324802060370628,1,1
4,93.25118317037101,5.099145017099012,1.052984259046242,0.9369547162758565,1,1
5,6.849852040851293,16.05854748147928,1.0862432424059183,0.9331597397462911,1,1
6,5.44794571093902,2.4036260096012185,1.0580593880181108,0.9278062655792725,1,1
