BUS,PD,QD,Vmax,Vmin,basekV,zone
1,28.715597887311105,23.189621904599537,1.074180347589759,0.9284710069355974,1,1
2,83.63097914567422,10.865979835072634,1.0529978165692446,0.9278390047948548,1,1
3,19.6567769357892,18.208970770631137,1.0859925941862008,0.9305629161159248,1,1
4,28.18355534919052,14.784856243706862,1.0716931764317819,0.9398354426650176,1,1
5,54.84237002626816,2.0285951153429496,1.075821549654556,0.921861280747715,1,1
6,46.50017246527948,28.200124117136905,1.0757088797292689,0.9295083351294637,1,1
7,81.9312918517178,11.932295860107923,1.075778630809717,0.9390435328139174,1,1
8,24.695655411252005,27.736171120168425,1.0564501048243895,0.945058175630807,1,1
9,81.20093472674226,8.346428772489851,1.0519665630193988,0.9123382792188566,1,1
