Problema,Tiempo,Coste
1,65.02699995040894,2402.9999416858336
1,60.14399981498718,2403.000007799862
2,60.24499988555908,2632.9999994345108
2,60.223000049591064,2632.9999994345512
