Problema,Tiempo,Coste
1,66.27699995040894,3770.8080657622204
1,60.116000175476074,3770.809800377164
2,60.09400010108948,2877.2304794360757
2,60.229000091552734,2877.230479436089
