Problema,Tiempo,Coste
1,66.2350001335144,3541.9999998753474
1,60.25099992752075,Inf
2,62.412999868392944,5807.455290272929
2,44.88100004196167,Inf
