BUS,PD,QD,Vmax,Vmin,basekV,zone
1,19.54806871256299,8.098875123618006,1.0733181000757428,0.9429750725644844,1,1
2,22.61667592726383,20.12359786167929,1.0539511338670735,0.9154360365853123,1,1
3,41.2182965365763,25.95874592583087,1.074515654994092,0.9295622513073143,1,1
4,75.81442501710562,2.0781944607358986,1.06226276042848,0.9330659625362323,1,1
5,22.302419480348266,2.2817508715072794,1.08521917669139,0.9195720224719663,1,1
6,28.993787714234617,7.28212381419198,1.0670906858482656,0.9281165652220589,1,1
7,30.41317204132759,10.609190757170907,1.05050745821352,0.9425567062201774,1,1
8,64.91754114842915,5.195581552802071,1.0595544722042354,0.9359721613985642,1,1
