BUS,PD,QD,Vmax,Vmin,basekV,zone
1,43,28,1.088879572009859,0.9395743713066423,1,1
2,53,24,1.0846153000584402,0.9239505402031224,1,1
3,46,42,1.0803187153504836,0.9459861181427421,1,1
4,50,34,1.0565617969727197,0.9310373172005378,1,1
5,50,37,1.082202522778342,0.9344233340933047,1,1
