BUS,P_MIN,P_MAX,Q_MIN,Q_MAX,P_COSTE0,P_COSTE1,P_COSTE2
1,0,130,-65,65,22,9,0.04241509084965112
2,0,131,-64,66,19,10,0.06018016380684606
3,0,131,-65,65,21,11,0.03982017411243427
4,0,131,-65,65,22,12,0.04806336210351812
