F_BUS,T_BUS,R,X,BSh,L_SMAX,status
1,2,0.018312853443834112,0.06994511239997438,0,1007,1
1,3,0.020746926435546875,0.06489648191661962,0,1002,1
2,4,0.02780718175627242,0.07903357047378795,0,991,1
3,5,0.016902966230233324,0.06759358771589882,0,1000,1
4,5,0.02665262273462251,0.07050336412208744,0,1007,1
