BUS,P_MIN,P_MAX,Q_MIN,Q_MAX,P_COSTE0,P_COSTE1,P_COSTE2
1,0,105,-48,50,25,11,0.051179470696123094
2,0,102,-51,51,21,12,0.05462878737255755
3,0,101,-48,51,22,12,0.06275759550080971
