BUS,PD,QD,Vmax,Vmin,basekV,zone
1,38,22,1.0464201903094061,0.9499594551885897,1,1
2,58,44,1.0477488868725233,0.9466531764534689,1,1
3,48,51,1.0454881525444055,0.9481879625408698,1,1
4,62,50,1.0488303667672518,0.9454990226463683,1,1
