F_BUS,T_BUS,R,X,BSh,L_SMAX,status
1,2,0.019359852381974053,0.06205529070491801,0,958,1
1,3,0.02605968625291412,0.06882241740089196,0,1026,1
2,4,0.028352541060844255,0.0937594100413274,0,1010,1
