F_BUS,T_BUS,R,X,BSh,L_SMAX,status
1,2,0.016337220546016613,0.03862835893077877,0,10058,1
1,3,0.024878177799854562,0.03149236560592744,0,9909,1
2,4,0.011554663634411596,0.03045453631340049,0,9946,1
3,5,0.018246988706434396,0.027747600783195554,0,10031,1
4,6,0.023645055387885167,0.042060225625451975,0,10025,1
5,6,0.023776671985385793,0.03080965543195506,0,10075,1
2,5,0.018340039337539357,0.03180240369398274,0,9936,1
3,4,0.013075619438844414,0.02510615094454704,0,10076,1
