BUS,PD,QD,Vmax,Vmin,basekV,zone
1,35.53714169166677,8.15146940644137,1.0852753207274888,0.942868962012654,1,1
2,91.45540460765862,1.2216467655077108,1.0526356171532891,0.9130818968674713,1,1
3,35.751681065439456,16.80456604334382,1.0713236354726952,0.9326636303585192,1,1
4,35.8979719691168,13.505204793173867,1.0807553472734837,0.9375069138262379,1,1
5,52.27189110208052,11.27899002009266,1.0883957698552014,0.910826354021666,1,1
6,26.231115923215626,0.28286747343464846,1.0595534118578682,0.9136974059921612,1,1
