BUS,PD,QD,Vmax,Vmin,basekV,zone
1,29.35147451000278,10.885344006009467,1.0750147909256815,0.9136359121764124,1,1
2,41.46110383977131,10.437299125243408,1.0736680702500911,0.9458135267005553,1,1
3,83.20585509573452,24.75241888172972,1.0840821857722303,0.944930909926492,1,1
4,47.006096870785555,14.335585130908798,1.0615604203212519,0.942723156573622,1,1
5,34.9527275004361,14.599929989940426,1.065628409290174,0.9127070929366426,1,1
6,79.25587492616971,4.0982271352420865,1.077519270974356,0.9335681518728058,1,1
7,64.2493926303056,24.831304510223912,1.0879102026956695,0.9360733484298154,1,1
