BUS,PD,QD,Vmax,Vmin,basekV,zone
1,36.70519589484022,12.477187605108481,1.0812418239137107,0.9212161805121555,1,1
2,80.41652216057064,10.919737892678532,1.0884823013223037,0.9198155750927152,1,1
3,16.645663866001787,6.798080190460907,1.0653639288477652,0.9444359047490555,1,1
4,76.36217555629932,14.24932508557306,1.0863365297098684,0.9458873335617636,1,1
5,68.56219930220155,9.62999792432812,1.0727754327969918,0.9342036905635572,1,1
6,61.20874507868833,11.790897671001478,1.0538851361176107,0.9405841128452999,1,1
