BUS,PD,QD,Vmax,Vmin,basekV,zone
1,70,24,1.0634123158092181,0.9410750171944272,1,1
2,65,38,1.053640646997687,0.9292572944566203,1,1
3,41,30,1.0668279775769705,0.9423499878281979,1,1
4,63,29,1.0561736593920696,0.9300196031009437,1,1
5,53,39,1.0888039870838124,0.938535583354139,1,1
