BUS,P_MIN,P_MAX,Q_MIN,Q_MAX,P_COSTE0,P_COSTE1,P_COSTE2
1,0,130,-64,65,21,11,0.04263325965708517
2,0,131,-65,65,24,12,0.040337835218245445
3,0,131,-65,65,20,10,0.04828030570862785
4,0,130,-65,65,23,12,0.045171946957808094
