F_BUS,T_BUS,R,X,BSh,L_SMAX,status
1,2,0.016947465821726983,0.06647536468380105,0,1007,1
1,3,0.02931739601272211,0.07811190561582085,0,1000,1
2,4,0.01813848615687686,0.058995782746605545,0,1003,1
3,5,0.010353365767495366,0.047103852841512354,0,996,1
4,5,0.011844102597582912,0.057802946861538945,0,996,1
