BUS,PD,QD,Vmax,Vmin,basekV,zone
1,73.73964227023885,13.1118249997557,1.0826130360128208,0.9402899148953503,1,1
2,53.3883801353439,19.290251868935474,1.0672138546409442,0.9498034472041322,1,1
3,0.6493571216107649,10.8844339395516,1.0506004091320513,0.9367354437224777,1,1
4,53.16148026807241,18.415831854119183,1.0649283312863287,0.9231744438429756,1,1
5,53.97814832291526,18.63292639233736,1.083706488477621,0.9469763709878971,1,1
6,56.3490412460465,26.37788021269085,1.0737312268611576,0.9434736441583903,1,1
7,40.03602336446624,8.188308427553396,1.0846084070472428,0.9214306789014658,1,1
8,10.46139305744907,2.0857629744871837,1.0795217963427566,0.9345711031522486,1,1
9,62.43086382776038,24.84892650610284,1.0501190641595362,0.9095492546926895,1,1
