BUS,PD,QD,Vmax,Vmin,basekV,zone
1,71.04214698322104,8.044199214610762,1.0623674094917894,0.940268865948288,1,1
2,86.2344125204218,6.659571556615092,1.069126566538508,0.9238201139786091,1,1
3,51.58028465471833,3.761617203513286,1.0848597171074583,0.9482815090115897,1,1
4,62.7981341501598,17.591524044903665,1.0604928196303225,0.9453228009534437,1,1
5,30.675703186499195,11.264995002404676,1.0636606406444564,0.929335157025226,1,1
6,68.82047085589075,4.68281637670837,1.0882098856882851,0.9115244187534148,1,1
