BUS,PD,QD,Vmax,Vmin,basekV,zone
1,30,0,1.04524091035526,0.9485141363288605,1,1
2,40,0,1.0469221630380656,0.9491334676360204,1,1
3,35,0,1.0491632657017589,0.948897783765993,1,1
