F_BUS,T_BUS,R,X,BSh,L_SMAX,status
1,2,0,0.1015577730918675,0,1015,1
1,3,0,0.10310699100937203,0,1000,1
2,3,0,0.10318630882705174,0,1019,1
