F_BUS,T_BUS,R,X,BSh,L_SMAX,status
1,2,0.020505464875315873,0.05066173367358163,0,993,1
1,3,0.016705160637870028,0.07625349431683445,0,1007,1
2,4,0.02215527456062688,0.08073702597180735,0,990,1
3,5,0.010010479688602034,0.06315814888460206,0,995,1
4,5,0.02127800987654583,0.07592287377573328,0,1008,1
