BUS,PD,QD,Vmax,Vmin,basekV,zone
1,67,24,1.0587788896595132,0.909193980898304,1,1
2,44,37,1.0738321077993611,0.9289791404995945,1,1
3,52,45,1.0721048310688512,0.9222039184528669,1,1
4,43,25,1.0670140829838,0.9183112873671402,1,1
5,59,30,1.0762579206002625,0.9402032865580295,1,1
