BUS,P_MIN,P_MAX,Q_MIN,Q_MAX,P_COSTE0,P_COSTE1,P_COSTE2
1,0,130,-65,65,25,10,0.043210885714116576
2,0,130,-65,65,23,11,0.05089420932194195
3,0,131,-65,65,23,10,0.05294797239422481
4,0,130,-65,66,20,10,0.04367452031487218
