BUS,P_MIN,P_MAX,Q_MIN,Q_MAX,P_COSTE0,P_COSTE1,P_COSTE2
1,0,101,-49,50,19,14,0.05036757932831701
2,0,100,-48,50,20,10,0.07250251623356313
3,0,100,-50,50,22,15,0.06577929167663998
