F_BUS,T_BUS,R,X,BSh,L_SMAX,status
1,2,0.02289534076980649,0.0933957987561698,0,1017,1
1,3,0.020305507871144837,0.09753353234760995,0,981,1
2,4,0.028557474189753206,0.05447035867387526,0,971,1
