BUS,PD,QD,Vmax,Vmin,basekV,zone
1,70,49,1.0491379047092881,0.9467007498012445,1,1
2,58,30,1.0488201507317019,0.9487153142716601,1,1
3,59,27,1.046504633085188,0.9458671443250517,1,1
4,57,36,1.0471740405646037,0.9497217643322717,1,1
