BUS,PD,QD,Vmax,Vmin,basekV,zone
1,45,31,1.0483979912191796,0.9464713860483869,1,1
2,63,34,1.0464626854426209,0.9455032639059142,1,1
3,71,48,1.0458232087690555,0.9492016614408161,1,1
4,71,50,1.046122894716306,0.9460655585218812,1,1
