F_BUS,T_BUS,R,X,BSh,L_SMAX,status
1,2,0.016536874246287733,0.06598649971097326,0,968,1
1,3,0.028624878323351408,0.06817293955988031,0,1007,1
2,4,0.022457833208608252,0.09106292789778944,0,958,1
