BUS,P_MIN,P_MAX,Q_MIN,Q_MAX,P_COSTE0,P_COSTE1,P_COSTE2
1,0,98,-48,49,20,15,0.06104095405438889
2,0,100,-50,51,20,15,0.0525809345539133
3,0,100,-50,50,25,14,0.056216638285953115
