F_BUS,T_BUS,R,X,BSh,L_SMAX,status
1,2,0.02396705330098263,0.0619828280417532,0,1005,1
1,3,0.011158942672439144,0.0717816185133924,0,997,1
2,4,0.01843312300245739,0.06117483833197804,0,1008,1
3,5,0.02753311794428155,0.07278903729662221,0,1007,1
4,5,0.01090682999529829,0.05349212784952428,0,1005,1
