BUS,P_MIN,P_MAX,Q_MIN,Q_MAX,P_COSTE0,P_COSTE1,P_COSTE2
1,0,131,-65,65,23,12,0.04315744885315168
2,0,130,-65,65,22,10,0.041405670294530045
3,0,130,-65,66,24,11,0.06011043316152224
4,0,129,-65,65,20,9,0.05848996063899364
