BUS,PD,QD,Vmax,Vmin,basekV,zone
1,42,44,1.080719820422404,0.9493654698189307,1,1
2,51,21,1.0606307435175766,0.9417757818094367,1,1
3,79,44,1.054175286222808,0.9177549771431568,1,1
4,44,36,1.0860780313060743,0.9125246299561912,1,1
5,51,38,1.0531521742575964,0.9492329150944413,1,1
