F_BUS,T_BUS,R,X,BSh,L_SMAX,status
1,2,0,0.10125260389711518,0,993,1
1,3,0,0.101274253283708,0,987,1
2,3,0,0.10436888132894843,0,1028,1
