BUS,PD,QD,Vmax,Vmin,basekV,zone
1,36,0,1.045612377255002,0.9464955223902117,1,1
2,34,0,1.0478170454694165,0.949554514781551,1,1
3,35,0,1.0462336846207145,0.9484364086691779,1,1
