BUS,PD,QD,Vmax,Vmin,basekV,zone
1,85.74331131980469,13.634937857460855,1.076867494588074,0.9108184349937829,1,1
2,50.20864714101126,16.573323904190598,1.0875752312245623,0.9176707922712203,1,1
3,27.567018734120754,16.97570872414633,1.0635349466966741,0.9209680467751254,1,1
4,23.91309374511023,22.282227128542107,1.0659900389272696,0.9214604692193885,1,1
5,47.660563553788165,18.4517922602771,1.0646131885097898,0.9167797038362029,1,1
6,92.24639552438215,9.58318829435961,1.0538387484512297,0.9434092998342526,1,1
7,53.29775095559817,12.01853583817482,1.0667603524408227,0.9265074873231409,1,1
8,90.57395092571686,15.446508458850685,1.0638352956241979,0.9262825769791823,1,1
