BUS,PD,QD,Vmax,Vmin,basekV,zone
1,69.40985132942313,23.618539054313636,1.0837441982130034,0.9096532539531181,1,1
2,93.42562603091216,8.81696018098964,1.0673179184080601,0.9142116660749658,1,1
3,42.00726251253605,21.781676375739792,1.0515775973670085,0.9197980001255072,1,1
4,14.406770508676813,22.146892111980144,1.070923376337666,0.9483614272761589,1,1
5,7.652551793150416,24.146340423468207,1.0805068623359133,0.9098739070049797,1,1
6,6.0083404206234,20.500885697094382,1.0564768504522029,0.9426450565513299,1,1
7,68.76841537046232,21.339439865763367,1.0637799342263585,0.9498486342015662,1,1
8,82.11682530881785,7.651660621197238,1.0700615878351274,0.9395359768023367,1,1
