BUS,PD,QD,Vmax,Vmin,basekV,zone
1,5.945738686576493,3.20363485821325,1.0821702016349402,0.9185365762330377,1,1
2,91.18857826358345,21.08233340553008,1.0661917765402216,0.9092859996983037,1,1
3,87.5907900637758,21.287753845285536,1.0701261547458973,0.9380860618108536,1,1
4,76.71165257806133,21.469437581730563,1.0815967152063062,0.9460667332101638,1,1
5,71.00736856519113,13.646198285284107,1.0724923002839957,0.9452386877278895,1,1
6,27.68897730561324,11.106983153269297,1.0621351147446976,0.9433023891660711,1,1
7,53.01743369409844,0.8947463449946899,1.083916576085482,0.9498684937778762,1,1
8,86.95613005197733,2.925054990306888,1.051749984063606,0.9237245779096438,1,1
