F_BUS,T_BUS,R,X,BSh,L_SMAX,status
1,2,0,0.09883536939272436,0,995,1
1,3,0,0.10386885766025537,0,1020,1
2,3,0,0.09857699743101331,0,976,1
