F_BUS,T_BUS,R,X,BSh,L_SMAX,status
1,2,0,0.10351078778232053,0,956,1
1,3,0,0.10278182664756501,0,954,1
2,3,0,0.09606308338750615,0,1045,1
