BUS,PD,QD,Vmax,Vmin,basekV,zone
1,35,0,1.0460663673083113,0.9483405993542802,1,1
2,21,0,1.0496573660137596,0.948329237376159,1,1
3,41,0,1.0485704721927938,0.9481756374436201,1,1
