F_BUS,T_BUS,R,X,BSh,L_SMAX,status
1,2,0,0.1002270616530825,0,974,1
1,3,0,0.1048016025312456,0,989,1
2,3,0,0.09789320658467382,0,1003,1
