F_BUS,T_BUS,R,X,BSh,L_SMAX,status
1,2,0,0.09626668389960803,0,980,1
1,3,0,0.10159661706512885,0,979,1
2,3,0,0.10076261473719617,0,989,1
