BUS,PD,QD,Vmax,Vmin,basekV,zone
1,40,0,1.0463162538608826,0.9489635892972342,1,1
2,36,0,1.0495566603553028,0.9451291768293067,1,1
3,40,0,1.0473308297919683,0.94967939520588,1,1
