BUS,PD,QD,Vmax,Vmin,basekV,zone
1,27,0,1.047847974128279,0.9451060165826756,1,1
2,42,0,1.0472344325109313,0.9477904528573269,1,1
3,30,0,1.0491931992136685,0.9457552525409441,1,1
