BUS,PD,QD,Vmax,Vmin,basekV,zone
1,19,0,1.0459028813452618,0.9477491539629214,1,1
2,22,0,1.0459683951621421,0.9458427570558642,1,1
3,26,0,1.0473610874070494,0.9453827857125265,1,1
