BUS,PD,QD,Vmax,Vmin,basekV,zone
1,93,0,1.048739746717865,0.9468976582994909,1,1
2,98,0,1.0455014624285581,0.948837383726938,1,1
3,78,0,1.0493241991844524,0.9493173876021768,1,1
