F_BUS,T_BUS,R,X,BSh,L_SMAX,status
1,2,0,0.1044061262596852,0,960,1
1,3,0,0.09740282610664387,0,954,1
2,3,0,0.09955871130206329,0,1038,1
