BUS,P_MIN,P_MAX,Q_MIN,Q_MAX,P_COSTE0,P_COSTE1,P_COSTE2
1,0,100,-50,50,23,13,0.05958624056162027
2,0,100,-50,50,24,13,0.06337214582248257
3,0,101,-50,50,24,15,0.0684231834521036
