F_BUS,T_BUS,R,X,BSh,L_SMAX,status
1,2,0.01493469061375043,0.059862274200673984,0,1001,1
1,3,0.027765093438641385,0.07905409738489483,0,1001,1
2,4,0.017511035171673718,0.05602456861239562,0,998,1
