BUS,PD,QD,Vmax,Vmin,basekV,zone
1,61,36,1.0729328841050692,0.9129163858859549,1,1
2,58,20,1.073697653273812,0.9394492324230151,1,1
3,47,39,1.0881803226541313,0.9129807765225987,1,1
4,69,20,1.0621361857858944,0.9137099689317775,1,1
