BUS,PD,QD,Vmax,Vmin,basekV,zone
1,75.02124881508952,20.031898771943702,1.0689484561549036,0.921265201502722,1,1
2,86.51673779664995,19.931292404892403,1.0820762407805247,0.9162043728833278,1,1
3,78.27112558247279,23.308028362206166,1.0815503368514363,0.9499831709442185,1,1
4,15.51404424746694,8.628153735923403,1.0759052658474617,0.9228888465088072,1,1
5,58.79409218339598,21.43908375844702,1.0844972279054035,0.9145815770474235,1,1
6,92.9690785362161,12.330832803114106,1.0585945641876207,0.9439135714294978,1,1
7,50.14865571319549,21.837449759582377,1.0540561886080484,0.9248060497830478,1,1
8,87.52897617228383,13.796256232484334,1.0754300192082955,0.9471539615484698,1,1
