BUS,PD,QD,Vmax,Vmin,basekV,zone
1,41.92327995269401,23.895120124868654,1.0564428568963402,0.9489646536970129,1,1
2,45.70129156334877,14.37402432911427,1.081204077511674,0.938733900916176,1,1
3,6.222569854609864,22.901873523072467,1.064077049673309,0.9329771359359934,1,1
4,77.55247457794623,3.036358054882034,1.0866778452702128,0.9215087216289995,1,1
5,4.58396054036742,25.87504374856572,1.0803860852426188,0.910387393327925,1,1
6,57.008835278934015,11.39704494708082,1.085702944987595,0.9427017998624415,1,1
7,62.09508938247373,20.313752094650855,1.0858412695950237,0.9184614280578635,1,1
