BUS,PD,QD,Vmax,Vmin,basekV,zone
1,83.35753073931564,12.579160736511476,1.0702935350641503,0.9245617197966873,1,1
2,44.54568160934962,0.6237609203190452,1.0858693519525837,0.9424288040365553,1,1
3,49.193186522854646,14.547763004510081,1.0850279122677273,0.927328728135678,1,1
4,30.191041734468143,4.999196517434516,1.0768174903928447,0.943678728924922,1,1
5,70.23465909267209,3.6044088234301737,1.053802522557063,0.9364702427734314,1,1
6,84.14048745292821,6.448476985651908,1.0829343958894362,0.9374025685144349,1,1
