F_BUS,T_BUS,R,X,BSh,L_SMAX,status
1,2,0.010036686338687126,0.03341413463882439,0,9988,1
1,3,0.01741414665374262,0.03129002143859764,0,10019,1
2,4,0.01678019643605997,0.03233124446103611,0,9953,1
3,5,0.02229933871034612,0.04694139344180448,0,10048,1
4,6,0.020067098192302745,0.035355583015124294,0,10072,1
5,6,0.011856033458490671,0.025021142711394547,0,10076,1
2,5,0.01204070744478947,0.03471797099886987,0,10063,1
3,4,0.017367181047288058,0.030258344005644547,0,9946,1
