BUS,PD,QD,Vmax,Vmin,basekV,zone
1,60,29,1.060346151638469,0.9450658936001617,1,1
2,74,36,1.087173058691184,0.9401416812189736,1,1
3,51,36,1.068488686951074,0.93836758296231,1,1
4,62,35,1.087892679339484,0.9488170498371027,1,1
5,54,22,1.0645930772947552,0.9144891702219095,1,1
