F_BUS,T_BUS,R,X,BSh,L_SMAX,status
1,2,0.029024668317465148,0.07489784330368253,0,1005,1
1,3,0.021987187173495737,0.07117404999827051,0,1000,1
2,4,0.01137547986115563,0.06819407562975872,0,1001,1
3,5,0.01960662926330145,0.059951934677952554,0,993,1
4,5,0.019370665015210405,0.06216243510897314,0,1002,1
