BUS,P_MIN,P_MAX,Q_MIN,Q_MAX,P_COSTE0,P_COSTE1,P_COSTE2
1,0,131,-65,65,23,9,0.04757749644333249
2,0,130,-65,65,23,11,0.05125184873200045
3,0,130,-65,65,23,12,0.0505687529436004
4,0,131,-65,66,21,12,0.060129299275549525
