BUS,PD,QD,Vmax,Vmin,basekV,zone
1,18.283599115625137,24.89069230389463,1.0618591087900575,0.9162934359679722,1,1
2,79.83954323166427,6.604131965893656,1.0762326223372296,0.9233434286279844,1,1
3,46.677922659901924,24.26444553517767,1.0528680178853145,0.9259537033419395,1,1
4,19.22918207561771,1.6503131806483815,1.07502460719509,0.9252137504533103,1,1
5,4.1910467486251335,17.08142111900464,1.0740294760427092,0.9273063569145855,1,1
6,6.413595177778269,5.455321410093085,1.0523415621340548,0.9291264019378986,1,1
7,65.92268490446747,6.1897269714476915,1.0859098983801387,0.9291378721591249,1,1
