F_BUS,T_BUS,R,X,BSh,L_SMAX,status
1,2,0,0.10228150760602037,0,1022,1
1,3,0,0.0959184933141881,0,1035,1
2,3,0,0.0997764056091246,0,953,1
