BUS,PD,QD,Vmax,Vmin,basekV,zone
1,34,0,1.0495086939184106,0.9468636621390204,1,1
2,33,0,1.0489288738166254,0.9471504418750296,1,1
3,27,0,1.0497191815095561,0.9471519293720022,1,1
