BUS,PD,QD,Vmax,Vmin,basekV,zone
1,47,29,1.0760738870295143,0.9257426273568693,1,1
2,41,43,1.0677612401024585,0.9278953344073607,1,1
3,47,45,1.075175589955382,0.927160548100857,1,1
4,75,37,1.0642661163973448,0.9160205036635746,1,1
5,77,29,1.0792541863287768,0.9455856242519203,1,1
