BUS,P_MIN,P_MAX,Q_MIN,Q_MAX,P_COSTE0,P_COSTE1,P_COSTE2
1,0,131,-65,65,19,11,0.053282689224178385
2,0,131,-65,65,24,11,0.05551347951869498
3,0,131,-65,65,20,10,0.0437783159376134
4,0,130,-65,65,25,9,0.04963230137352745
