F_BUS,T_BUS,R,X,BSh,L_SMAX,status
1,2,0.022021320243506844,0.0742517181021394,0,997,1
1,3,0.014542509058584441,0.05401899128550968,0,1008,1
2,4,0.03021869163468109,0.0793592090069562,0,998,1
3,5,0.01256322098948349,0.06602099537370446,0,1003,1
4,5,0.027412200366373943,0.06871228884689265,0,996,1
