BUS,P_MIN,P_MAX,Q_MIN,Q_MAX,P_COSTE0,P_COSTE1,P_COSTE2
1,0,100,-50,50,20,13,0.059980812655515234
2,0,100,-50,50,21,14,0.05352888465744457
3,0,101,-50,50,24,14,0.0671848860438983
