BUS,PD,QD,Vmax,Vmin,basekV,zone
1,51,47,1.0748308969037923,0.9124092828080607,1,1
2,49,25,1.0724825301118437,0.9209941398442592,1,1
3,42,24,1.0682957481745996,0.943092131947823,1,1
4,52,21,1.0557924556533944,0.941481513220878,1,1
