F_BUS,T_BUS,R,X,BSh,L_SMAX,status
1,2,0.02306837275162095,0.07191008324517029,0,994,1
1,3,0.028062257525914958,0.08314236350750967,0,1004,1
2,4,0.02598052930562158,0.09881878219921128,0,1000,1
