F_BUS,T_BUS,R,X,BSh,L_SMAX,status
1,2,0,0.09804606391681615,0,1035,1
1,3,0,0.09660747382594888,0,1020,1
2,3,0,0.0994431034471255,0,1034,1
