BUS,PD,QD,Vmax,Vmin,basekV,zone
1,67.85859356914537,3.104715452881193,1.0666399366021089,0.9429122620383712,1,1
2,36.36875876033548,3.9743623835301474,1.0680792802262153,0.9410168130292781,1,1
3,28.74087066233926,9.775072597934841,1.0592267988002946,0.9369725441734061,1,1
4,64.34865966043765,10.804675910046582,1.0622597003318928,0.9493146298283731,1,1
5,76.5427460346232,22.896332727292695,1.058279630721641,0.9398978816362942,1,1
6,50.66809714674917,4.31539437200669,1.0809980743923275,0.9497471116694957,1,1
7,10.345902532886589,10.530046043246966,1.0838979122711683,0.9136590033804033,1,1
