BUS,PD,QD,Vmax,Vmin,basekV,zone
1,11.082182535425856,23.253354364689095,1.0703009106092474,0.9449903417965759,1,1
2,68.91673017185559,9.852005492744745,1.0874350860385575,0.914118375244224,1,1
3,71.85408234093329,13.299137046024327,1.0578617377592834,0.9480961204087821,1,1
4,54.38083426509865,1.5807662557183093,1.054950097315575,0.9184145595692914,1,1
5,50.81500961140395,28.262893144613496,1.0855909372824382,0.9478632492967478,1,1
6,80.43323930022687,14.28515703506049,1.0568566593102147,0.9250665123398475,1,1
7,85.72545233739875,3.6284126969221333,1.056056870767237,0.9388539738137639,1,1
