F_BUS,T_BUS,R,X,BSh,L_SMAX,status
1,2,0,0.10095394688936865,0,1008,1
1,3,0,0.10111152249619883,0,1031,1
2,3,0,0.10431040810518889,0,954,1
