F_BUS,T_BUS,R,X,BSh,L_SMAX,status
1,2,0.013103888136167393,0.05635584243496403,0,978,1
1,3,0.012708982505248548,0.07399323792086754,0,983,1
2,4,0.010775019062208634,0.0754292092509617,0,953,1
