BUS,P_MIN,P_MAX,Q_MIN,Q_MAX,P_COSTE0,P_COSTE1,P_COSTE2
1,0,104,-50,52,20,10,0.06208076738522926
2,0,104,-51,51,23,13,0.04825075120640344
3,0,99,-50,51,21,10,0.07168447604891562
