BUS,PD,QD,Vmax,Vmin,basekV,zone
1,70,52,1.0463846613530772,0.9498775895871404,1,1
2,43,29,1.04722698748916,0.9475080565971277,1,1
3,55,43,1.0488964788203599,0.9463117122231169,1,1
4,58,22,1.0461976004055094,0.9468308095700871,1,1
