F_BUS,T_BUS,R,X,BSh,L_SMAX,status
1,2,0.024464249835862917,0.07304920897700384,0,1002,1
1,3,0.029201362560794156,0.05441083564369147,0,1000,1
2,4,0.017089310930983197,0.07122515786907489,0,1008,1
3,5,0.02671980651050935,0.07857212237139141,0,993,1
4,5,0.012303221511032195,0.04139496970919128,0,1000,1
