BUS,P_MIN,P_MAX,Q_MIN,Q_MAX,P_COSTE0,P_COSTE1,P_COSTE2
1,0,131,-65,65,20,10,0.05594024635723023
2,0,131,-65,66,25,9,0.04148796839821608
3,0,130,-65,65,18,12,0.042371441814184924
4,0,131,-65,65,20,11,0.050070981359649366
