BUS,PD,QD,Vmax,Vmin,basekV,zone
1,53,32,1.0665650756197704,0.9291713489719424,1,1
2,77,27,1.080477489454244,0.9394230361115785,1,1
3,67,40,1.071407323539928,0.9122883933413479,1,1
4,49,33,1.0795611221791128,0.9438031248596607,1,1
5,46,34,1.0868074143860296,0.9375528349927224,1,1
