BUS,PD,QD,Vmax,Vmin,basekV,zone
1,31,0,1.0479826529241363,0.9459451839490026,1,1
2,24,0,1.0486503101963607,0.9456342342102606,1,1
3,30,0,1.0497524389316226,0.9491727403022269,1,1
