BUS,PD,QD,Vmax,Vmin,basekV,zone
1,27.106339589897562,26.071050763278187,1.083744719143786,0.928858862060737,1,1
2,18.613454210872668,10.523925229606862,1.0780898724976868,0.9297420845631625,1,1
3,15.327808094570901,23.62888567932442,1.0563220243953246,0.934152090035122,1,1
4,28.924803810698233,9.356320929241353,1.071384149727734,0.9326749840453876,1,1
5,23.37750600980735,8.31785478027101,1.0740378642475865,0.9201626869284534,1,1
6,13.354189370540984,5.543066831055095,1.0721858275386191,0.9151145756364593,1,1
7,55.98716797787961,5.3402142324121185,1.0771973480779746,0.92311256994153,1,1
8,87.49792966494329,11.299663905490931,1.0691918944089105,0.9233996885323943,1,1
