BUS,PD,QD,Vmax,Vmin,basekV,zone
1,5.594429970316027,12.843004711559374,1.0564438771160902,0.928808416701906,1,1
2,64.05096356486862,18.585965492615358,1.0782717926780672,0.9402520271000535,1,1
3,27.95892561696054,13.12319399074895,1.074359814013045,0.9435361459297592,1,1
4,4.11694976862569,14.016510193517297,1.0726640641856033,0.9444185850428928,1,1
5,33.813542653851385,4.039344804364814,1.081223994167817,0.9146172473180716,1,1
6,17.699493714339926,16.43816724595914,1.0572925357357061,0.9124694730305327,1,1
