BUS,P_MIN,P_MAX,Q_MIN,Q_MAX,P_COSTE0,P_COSTE1,P_COSTE2
1,0,100,-50,50,22,12,0.05611458550142481
2,0,100,-50,50,23,11,0.05111085685257522
3,0,100,-50,50,20,15,0.058748878359260626
