BUS,PD,QD,Vmax,Vmin,basekV,zone
1,42,34,1.05692944599572,0.9353000110559062,1,1
2,45,22,1.051776079465737,0.9428444413513302,1,1
3,49,39,1.0672750549809251,0.9450659955547785,1,1
4,47,36,1.0642062389674187,0.9452495948742283,1,1
