F_BUS,T_BUS,R,X,BSh,L_SMAX,status
1,2,0.017806581960025443,0.06046631460235332,0,993,1
1,3,0.02226653983689108,0.06117524586325461,0,1010,1
2,4,0.015029643549726369,0.09142865766166797,0,998,1
