BUS,PD,QD,Vmax,Vmin,basekV,zone
1,89.40520221844315,13.526825524109167,1.0584283652339124,0.9135301767537309,1,1
2,69.72756527499168,11.768894529457576,1.053888073551865,0.949648700922302,1,1
3,56.407220879870074,27.09775962033418,1.0555210066365686,0.9391213273275176,1,1
4,27.361434426308772,6.3516520577372875,1.0534269312916955,0.9444237006443151,1,1
5,7.7393420779060715,21.81682567979927,1.0585711552012178,0.9439966296779643,1,1
6,87.78111248304606,22.337450045086246,1.0607762320432297,0.9337652168849945,1,1
7,67.61296182028318,22.81583104432793,1.0586325892731192,0.9262514151192478,1,1
8,92.2049947551033,6.981021260516629,1.0809329276902597,0.9121728313597853,1,1
9,6.424190491351295,4.625259437470895,1.0627538531059733,0.9382948058962532,1,1
