BUS,PD,QD,Vmax,Vmin,basekV,zone
1,38,0,1.047621129832782,0.9469309652125253,1,1
2,40,0,1.0497178924529915,0.949893832634264,1,1
3,34,0,1.045541791975633,0.9460283321136981,1,1
