F_BUS,T_BUS,R,X,BSh,L_SMAX,status
1,2,0,0.10247993305506675,0,1013,1
1,3,0,0.09820435173605464,0,967,1
2,3,0,0.1037934394370507,0,994,1
