F_BUS,T_BUS,R,X,BSh,L_SMAX,status
1,2,0,0.09794422045881034,0,961,1
1,3,0,0.10464109942811846,0,1000,1
2,3,0,0.10396765559283108,0,969,1
