BUS,PD,QD,Vmax,Vmin,basekV,zone
1,34,0,1.0488892241629495,0.9452576569142292,1,1
2,22,0,1.0460106857420497,0.9486425166316153,1,1
3,24,0,1.04610704198517,0.9492657302918844,1,1
