BUS,PD,QD,Vmax,Vmin,basekV,zone
1,48.8449080125187,11.42108656744424,1.0832364999290336,0.9209143308209645,1,1
2,84.61083716967674,12.318342618241468,1.0796694352395453,0.939713762588305,1,1
3,81.85267490559333,17.968940672644212,1.0548246255945317,0.9202150850482984,1,1
4,5.847426380266588,21.21596246976391,1.0589415254435641,0.9108721438287862,1,1
5,13.731979496869792,9.996005980427398,1.0739803054890682,0.9453851466574237,1,1
6,53.24046809111282,1.8721204289498559,1.0519800975635083,0.9186641299835043,1,1
7,72.9888141394941,0.011343296395187183,1.0659910594173476,0.9317888321588231,1,1
8,52.19682299010598,16.980931719466888,1.0549217641442954,0.9279112069043985,1,1
