F_BUS,T_BUS,R,X,BSh,L_SMAX,status
1,2,0.016018499212049966,0.04024237894604481,0,10060,1
1,3,0.022243723083199364,0.033003218219250924,0,9959,1
2,4,0.019621539732055042,0.047465739389895956,0,10098,1
3,5,0.02213534175501463,0.03419657476730527,0,9924,1
4,6,0.020488096168769787,0.0384704688843527,0,9947,1
5,6,0.010976600789975815,0.0273877476336587,0,9966,1
2,5,0.025072996594407485,0.04663516968281385,0,9927,1
3,4,0.022198112511064433,0.04217381647178227,0,9970,1
