BUS,P_MIN,P_MAX,Q_MIN,Q_MAX,P_COSTE0,P_COSTE1,P_COSTE2
1,0,102,-48,52,20,11,0.05761710276346378
2,0,98,-49,49,22,10,0.07112173909018221
3,0,103,-49,50,25,11,0.06071973384715137
