F_BUS,T_BUS,R,X,BSh,L_SMAX,status
1,2,0.03102607229271641,0.054708752072199336,0,1045,1
1,3,0.013394485233581714,0.05892087118708954,0,1010,1
2,4,0.01281213346552799,0.08889245560117144,0,1005,1
