BUS,PD,QD,Vmax,Vmin,basekV,zone
1,61,40,1.0476335794504952,0.9457078697123245,1,1
2,66,22,1.047084944507121,0.9496417092033065,1,1
3,48,48,1.0479290008565452,0.9478713743663283,1,1
4,45,35,1.0496933993504018,0.9491833298089245,1,1
