BUS,PD,QD,Vmax,Vmin,basekV,zone
1,94.19280893910313,14.418058494279055,1.0536217398539682,0.9280480331031588,1,1
2,59.101183486486576,0.89838188836795,1.0641586593310153,0.9367816639889296,1,1
3,72.16969205525552,0.5309996011462557,1.057726736474592,0.9379714133367473,1,1
4,62.15138271864818,24.681216788865775,1.0676940075544696,0.9202889410666225,1,1
5,24.101992475433576,22.209528725356726,1.057390913646042,0.9132249783262587,1,1
6,50.319502321038726,11.889524612596187,1.0762717107283497,0.9270641069122084,1,1
7,58.082539204749054,1.061555995251539,1.0848390947411832,0.9174590143029266,1,1
8,43.94596242934728,23.882425985934844,1.0593683919601542,0.9348398656248857,1,1
9,85.65950052132057,15.97139774600244,1.0760622759710676,0.9202787562565911,1,1
