BUS,PD,QD,Vmax,Vmin,basekV,zone
1,25,0,1.0454989448737049,0.9473373787705445,1,1
2,29,0,1.04947102643153,0.9462882666398078,1,1
3,24,0,1.0452416979079682,0.9474758621609282,1,1
