F_BUS,T_BUS,R,X,BSh,L_SMAX,status
1,2,0,0.09815289950357355,0,996,1
1,3,0,0.09779270473960866,0,1000,1
2,3,0,0.10472805251325396,0,974,1
