F_BUS,T_BUS,R,X,BSh,L_SMAX,status
1,2,0,0.0953649632779533,0,991,1
1,3,0,0.0952484312120907,0,1043,1
2,3,0,0.09592797495052384,0,1021,1
