BUS,PD,QD,Vmax,Vmin,basekV,zone
1,41,0,1.04707347286504,0.9472985490972801,1,1
2,41,0,1.0473330908802427,0.9478536859903366,1,1
3,26,0,1.0497981929206353,0.9466691783418508,1,1
