F_BUS,T_BUS,R,X,BSh,L_SMAX,status
1,2,0,0.09993977888927354,0,978,1
1,3,0,0.09591928480638029,0,1009,1
2,3,0,0.09948642767577874,0,1030,1
