BUS,PD,QD,Vmax,Vmin,basekV,zone
1,36,0,1.0499425703275755,0.9465017976735811,1,1
2,30,0,1.0499281986464215,0.9453271063198612,1,1
3,30,0,1.0492996250053592,0.945062701098026,1,1
