BUS,PD,QD,Vmax,Vmin,basekV,zone
1,78.44199517130609,12.669376031803898,1.0859860136354746,0.9421803304936869,1,1
2,62.98489901556086,11.563583607424993,1.0603524229071528,0.943798393790268,1,1
3,77.33291871718349,15.482864792314892,1.0566642115046831,0.9338102705720953,1,1
4,56.661432745577216,3.476119812670002,1.0506244463016445,0.9318298664045156,1,1
5,38.560984854493334,13.708435296366595,1.0768855715083654,0.938343926103433,1,1
6,30.324056490287777,17.330085154006802,1.0695474506537928,0.9259295548439821,1,1
