F_BUS,T_BUS,R,X,BSh,L_SMAX,status
1,2,0.014882243263360228,0.04505155324197267,0,9930,1
1,3,0.014219141158161275,0.050073533875637885,0,9965,1
2,4,0.022922002639788185,0.031559870611276165,0,9933,1
3,5,0.017487043497301895,0.032096108223476895,0,10008,1
4,6,0.021404020365511423,0.029632225091168134,0,9912,1
5,6,0.024796698505738388,0.027364975703475358,0,9951,1
2,5,0.0168242377367252,0.047372231597776746,0,9919,1
3,4,0.012464464505715932,0.039792763533324865,0,9950,1
