BUS,PD,QD,Vmax,Vmin,basekV,zone
1,23.680883675968907,13.287658381229768,1.0747962738652346,0.9298447742173622,1,1
2,89.63932365953865,23.336429553122116,1.0519067436826084,0.9453552551283567,1,1
3,84.93062868781395,4.511593498982141,1.057410211229237,0.9259785899039777,1,1
4,77.08717051243408,21.806343615459813,1.0807100106406804,0.9375167471682017,1,1
5,14.141303493222189,26.423953189850977,1.0620702914145266,0.9100946083757377,1,1
6,50.863178397355135,25.21737926596927,1.0886501412861693,0.9345752011733958,1,1
7,5.666008016316643,19.265917055795608,1.0672663125075519,0.9439450709901551,1,1
8,65.03788412434595,15.992318486294003,1.0598981509846015,0.9192473300571946,1,1
