F_BUS,T_BUS,R,X,BSh,L_SMAX,status
1,2,0.010207599420698555,0.04615397955733099,0,10097,1
1,3,0.01399096907144225,0.046412043170345064,0,9911,1
2,4,0.02207255610838459,0.03126131887911136,0,9904,1
3,5,0.0126464136980843,0.04946927217914034,0,10063,1
4,6,0.021978305471835685,0.03574336985266774,0,9914,1
5,6,0.010614090487492922,0.0367688621296845,0,10069,1
2,5,0.02389085266606651,0.044368185053074424,0,10029,1
3,4,0.02323169474627293,0.04148969499503619,0,9971,1
