F_BUS,T_BUS,R,X,BSh,L_SMAX,status
1,2,0,0.10486226543365217,0,997,1
1,3,0,0.10481385179159126,0,993,1
2,3,0,0.10168498607695756,0,1049,1
