BUS,PD,QD,Vmax,Vmin,basekV,zone
1,24,0,1.048101835364284,0.9480292390452479,1,1
2,30,0,1.0478775470292236,0.9499527142987315,1,1
3,30,0,1.0488330601855336,0.9462122091564844,1,1
