BUS,PD,QD,Vmax,Vmin,basekV,zone
1,42,0,1.0484629803034013,0.9497696847468036,1,1
2,26,0,1.049527747450156,0.9468417194369511,1,1
3,20,0,1.046369056249444,0.9457885481777064,1,1
