BUS,PD,QD,Vmax,Vmin,basekV,zone
1,95.09144481349736,19.813292126228347,1.0631726196414273,0.9358645529045355,1,1
2,18.35289342527919,3.0717779473762747,1.087192847701794,0.9346025548513156,1,1
3,16.563689310426884,15.70011180386796,1.067777163284985,0.9124517261822204,1,1
4,34.70272599719131,6.794730350401222,1.0677795112198931,0.9123091118098356,1,1
5,84.87526944449208,6.300610594406298,1.0779303671904268,0.9372860699233211,1,1
6,2.2907601164307287,15.307555998713935,1.052208622580808,0.9188658998653694,1,1
7,52.346532966400545,7.189304345560267,1.0670445410799885,0.9471567992050461,1,1
