F_BUS,T_BUS,R,X,BSh,L_SMAX,status
1,2,0.021501962105123854,0.04406320410037927,0,9952,1
1,3,0.0246561323819506,0.0428646086374192,0,10099,1
2,4,0.014249755131322234,0.04845644714001604,0,9989,1
3,5,0.021465107034663783,0.044303898238834,0,9988,1
4,6,0.010580377792689302,0.04850920634544399,0,10010,1
5,6,0.024272505964407574,0.03784680626677877,0,9941,1
2,5,0.011838741660370886,0.027870288550069216,0,10001,1
3,4,0.021445797293479597,0.028576496731267647,0,10010,1
