BUS,PD,QD,Vmax,Vmin,basekV,zone
1,81.89637712335403,12.301659445904093,1.051434484954582,0.9323725852983384,1,1
2,88.49658272352188,13.990502664527735,1.0724866379822005,0.9145400175503084,1,1
3,80.76496783489112,2.6386641230801953,1.0519630822881936,0.9321319482125708,1,1
4,13.694505934048184,8.692507226156652,1.0529956508569789,0.9423177752421702,1,1
5,81.94489875967786,17.097436787898694,1.0560738968511667,0.9459812676496137,1,1
6,66.41493327171167,8.658668217687328,1.0536194851521918,0.9202837213084134,1,1
7,49.68168892811187,27.14259885733057,1.069744501560547,0.9370541717683444,1,1
8,94.50899115640156,13.251282343831692,1.0586223235617451,0.9380227027681174,1,1
9,24.07556215805206,0.7000962344151208,1.0518756382920669,0.9096165332255094,1,1
