F_BUS;T_BUS;R;X;BSh;L_SMAX;status
1;2;0.01008;0.0504;0.1025;1000;1
1;3;0.00744;0.0372;0.0775;1000;1
2;4;0.00744;0.0372;0.0775;1000;1
3;4;0.01272;0.0636;0.01275;1000;1
