F_BUS,T_BUS,R,X,BSh,L_SMAX,status
1,2,0.013655686712828012,0.10367769522847384,0,961,1
1,3,0.014948691132344257,0.08929485322489798,0,1009,1
2,4,0.027775441325060837,0.07268066692698229,0,1028,1
