BUS,P_MIN,P_MAX,Q_MIN,Q_MAX,P_COSTE0,P_COSTE1,P_COSTE2
1,0,98,-49,50,20,12,0.05529801420496492
2,0,104,-48,50,21,13,0.05654584866806406
3,0,99,-48,51,21,16,0.05806909386645544
