BUS,PD,QD,Vmax,Vmin,basekV,zone
1,44,20,1.0470195795779724,0.9482847875005294,1,1
2,38,31,1.0450451505358238,0.9458510538582128,1,1
3,68,23,1.047105321633027,0.9461968495286599,1,1
4,49,30,1.047895063875854,0.9482451481685534,1,1
