BUS,P_MIN,P_MAX,Q_MIN,Q_MAX,P_COSTE0,P_COSTE1,P_COSTE2
1,0,131,-65,65,24,9,0.05636924750678942
2,0,131,-65,65,22,9,0.05774005729896631
3,0,130,-65,65,24,11,0.0604548338743911
4,0,130,-65,65,21,11,0.055082158359870584
