F_BUS,T_BUS,R,X,BSh,L_SMAX,status
1,2,0.014936143950139258,0.05055967376522063,0,1001,1
1,3,0.02849051432106736,0.06331496144461683,0,993,1
2,4,0.021285910252796032,0.07822274624422847,0,1009,1
3,5,0.015308561503170497,0.06328121049379823,0,1007,1
4,5,0.02908824408465724,0.07858071743327764,0,991,1
