BUS,PD,QD,Vmax,Vmin,basekV,zone
1,55,45,1.0642823518743243,0.945912097586099,1,1
2,74,37,1.0870660280090514,0.9227196872891356,1,1
3,63,32,1.078686578266832,0.9094305427974582,1,1
4,81,28,1.0548871933818258,0.9256070372567818,1,1
5,42,36,1.0858437668105416,0.9339209454611381,1,1
