BUS,PD,QD,Vmax,Vmin,basekV,zone
1,90.72876819690806,0.13820468887338136,1.0876715642712684,0.9400248998008577,1,1
2,85.09810004855377,0.06903632515168,1.07994147238159,0.940987733071286,1,1
3,72.71989675746639,3.6215489520263024,1.060893303608132,0.9434877184121848,1,1
4,32.63953701408936,11.997533165385217,1.0760694640944812,0.9354174361506283,1,1
5,65.24612444944759,6.152728069967239,1.074391855336217,0.9190973107398018,1,1
6,35.55448614747837,8.54574616299814,1.0799718553909943,0.9365630971278962,1,1
