BUS,PD,QD,Vmax,Vmin,basekV,zone
1,4.656741587314891,3.680757556004485,1.0863430471083344,0.9406094304330779,1,1
2,92.4209372130369,20.43095443510073,1.052916869400992,0.923195585993487,1,1
3,43.98568782706259,8.748813024962145,1.0860404784125806,0.9385565243924009,1,1
4,0.9821209029492072,1.0513233677098124,1.063651624371935,0.9476124288431477,1,1
5,54.408713395999776,9.931400662204224,1.0864724185143497,0.9470522723242251,1,1
6,32.85104880785629,5.033502658416933,1.0719721884156543,0.949952188075216,1,1
7,5.6144135618119595,12.410730790194295,1.0863611935181685,0.9363730361734488,1,1
