F_BUS;T_BUS;FLUJO
1;2;7.005711000760294
1;3;10.004416018348133
2;3;46.558616827657076
