BUS;PGEN;QGEN
1;31.13718911864548;5.365929943579748
2;176.30473777940023;-12.625089301840294
3;94.35668020048007;12.21051714953389
