BUS,PD,QD,Vmax,Vmin,basekV,zone
1,45,50,1.0482550645584479,0.9457208031771972,1,1
2,61,24,1.0458811940041515,0.9474255811049149,1,1
3,62,51,1.0472223655968589,0.9486557769544891,1,1
4,46,24,1.046276608374132,0.9464657922770588,1,1
