BUS,P_MIN,P_MAX,Q_MIN,Q_MAX,P_COSTE0,P_COSTE1,P_COSTE2
1,0,100,-49,49,25,10,0.07185681842945693
2,0,98,-50,52,22,14,0.06480177669513335
3,0,104,-50,50,21,14,0.05555807670666716
