F_BUS,T_BUS,R,X,BSh,L_SMAX,status
1,2,0.02570070992446638,0.06719950158877573,0,1018,1
1,3,0.012086462887586547,0.06803709342159306,0,1028,1
2,4,0.010277205100532337,0.07467708744806442,0,1012,1
