F_BUS,T_BUS,R,X,BSh,L_SMAX,status
1,2,0,0.10020065610680913,0,1037,1
1,3,0,0.09763063227918287,0,969,1
2,3,0,0.10112672159248931,0,978,1
