F_BUS,T_BUS,R,X,BSh,L_SMAX,status
1,2,0,0.0986773506785909,0,1044,1
1,3,0,0.103100134396088,0,1013,1
2,3,0,0.09633713481254619,0,954,1
