BUS,PD,QD,Vmax,Vmin,basekV,zone
1,31,0,1.0456647274627369,0.9450213196098397,1,1
2,27,0,1.0451312842960228,0.9479183429835224,1,1
3,25,0,1.0453018557546223,0.9497116427132347,1,1
