BUS,PD,QD,Vmax,Vmin,basekV,zone
1,32,0,1.046205011537937,0.9457704031990075,1,1
2,40,0,1.0453236252621003,0.9496575633396716,1,1
3,21,0,1.048367898143556,0.9474662235089404,1,1
