BUS,PD,QD,Vmax,Vmin,basekV,zone
1,23.606098835034373,5.563320799350541,1.084150850533653,0.9371303410861177,1,1
2,36.82396314372595,24.25510341924,1.0738802066348723,0.9355706809900903,1,1
3,69.90107999044164,1.3158733492356325,1.061874483379322,0.947904762675601,1,1
4,93.99895014691943,26.0519457560262,1.065818551281304,0.9248327704327821,1,1
5,62.123026081342786,8.979722867858548,1.0629303611115306,0.9129186225329794,1,1
6,31.911188495445483,4.621448033506066,1.0653080962279884,0.9273574949585354,1,1
7,42.25667716611195,18.201646759015954,1.0848101080720027,0.9468050119366853,1,1
8,90.3974527227719,12.639107526060759,1.0806216361452898,0.9335227694656933,1,1
