BUS,PD,QD,Vmax,Vmin,basekV,zone
1,38,34,1.0468277246273627,0.9456704336529097,1,1
2,57,38,1.0476810513257635,0.9480295628361575,1,1
3,54,36,1.047330338807252,0.9468868694144262,1,1
4,57,49,1.0482858543380427,0.9455897780651293,1,1
