BUS,P_MIN,P_MAX,Q_MIN,Q_MAX,P_COSTE0,P_COSTE1,P_COSTE2
1,0,104,-49,50,19,11,0.07249109473293515
2,0,103,-50,52,19,15,0.07270321232947133
3,0,100,-51,50,23,13,0.06684231030602378
