F_BUS,T_BUS,R,X,BSh,L_SMAX,status
1,2,0.028737660894202363,0.056002989665277496,0,952,1
1,3,0.015373464905255863,0.06999086531354531,0,992,1
2,4,0.013030505070625965,0.07321816776316835,0,1004,1
