BUS,PD,QD,Vmax,Vmin,basekV,zone
1,59.59557077314892,2.352039188701151,1.054067176709739,0.9208345248450178,1,1
2,56.756164844373004,11.255605788400297,1.0588886672649467,0.9289787023758829,1,1
3,21.988354214356907,21.858577540525072,1.0605564672337908,0.919129349367614,1,1
4,35.15697077422077,1.3120016146111866,1.0839552945670197,0.9403062390501935,1,1
5,85.19204029937848,10.742710139129132,1.0765804129622099,0.9354090776023183,1,1
6,67.91099287797434,15.111718671244565,1.0680590728441492,0.9278999241434337,1,1
7,39.50761005621989,6.115223762876112,1.0849636902752746,0.9221216144575606,1,1
8,81.8064070568555,0.8904327742147836,1.0808978582676978,0.912017727041476,1,1
9,28.60798069038112,23.818274429587287,1.0781207407589934,0.9465393635402203,1,1
