BUS,PD,QD,Vmax,Vmin,basekV,zone
1,47.99924371132937,14.185127352902994,1.0659086689076318,0.9464110180102677,1,1
2,35.57550572036753,0.23428729214108318,1.0822441247419592,0.9244062471228087,1,1
3,71.4935093341306,22.212495090558328,1.0799639555012355,0.9234606869903103,1,1
4,13.84218064404685,13.377240705357872,1.075661648534934,0.9211829174224992,1,1
5,19.082330921718135,15.255047092376257,1.0576241983595593,0.9427637379175516,1,1
6,46.46685530483314,10.545926470052054,1.075539027807973,0.925184582927296,1,1
7,69.53171661127611,14.024088687770478,1.0695138552387147,0.9414897280525595,1,1
8,71.66726721994584,0.047456531249686816,1.0535922995584834,0.9343108766269742,1,1
9,58.3906699880353,4.207475244611595,1.062688184559183,0.9162326922834847,1,1
