F_BUS,T_BUS,R,X,BSh,L_SMAX,status
1,2,0.01471151264128124,0.050420350924887516,0,10018,1
1,3,0.023027517115264948,0.045667544129911405,0,10014,1
2,4,0.009969339439375023,0.04460802336397393,0,9911,1
3,5,0.020432125255713213,0.04203650530924588,0,10085,1
4,6,0.01622742732389873,0.03315840251152975,0,9940,1
5,6,0.021905362809215175,0.04967417530901659,0,9916,1
2,5,0.011079830415946436,0.02627271260666006,0,9958,1
3,4,0.012587372254233316,0.038028813112319725,0,9942,1
