BUS,PD,QD,Vmax,Vmin,basekV,zone
1,65.7746910483023,17.07153671013183,1.0833138496032813,0.9238741043630885,1,1
2,77.57116300879541,18.28363787380294,1.0821787370114258,0.9225160748198117,1,1
3,19.19265255599095,5.610255451198985,1.0772099613090809,0.9348057484617763,1,1
4,61.82428781248765,16.97349516279724,1.0621839916418976,0.9387905707224978,1,1
5,41.60199857891464,13.366222680132012,1.0820998481454218,0.9197786638829325,1,1
6,83.06783824356947,9.054875014087859,1.062294836298706,0.9259330674467423,1,1
