BUS,PD,QD,Vmax,Vmin,basekV,zone
1,57.181076739474896,18.791250788463227,1.051997019892757,0.9282394311971264,1,1
2,1.874369787722745,28.00609554287106,1.0747460871045798,0.9186775164016563,1,1
3,53.83187242840488,5.543288936441927,1.085453800498694,0.9140521543481682,1,1
4,36.767759061967446,24.146834659853806,1.0714037772519194,0.921989036090193,1,1
5,52.42625928610078,27.94646374117344,1.0696639231470895,0.942981997453234,1,1
6,58.237628464397034,15.90290788354044,1.0572546314428564,0.9194987605835729,1,1
7,29.88011906485964,6.95949156603164,1.0827118059739134,0.9458994688735194,1,1
