BUS,P_MIN,P_MAX,Q_MIN,Q_MAX,P_COSTE0,P_COSTE1,P_COSTE2
1,0,130,-65,66,25,11,0.041072347169325625
2,0,131,-65,65,24,10,0.04306784969319957
3,0,129,-65,66,20,10,0.03963337784545709
4,0,130,-65,65,21,12,0.053942065589624326
