BUS,PD,QD,Vmax,Vmin,basekV,zone
1,51,27,1.0720909129007314,0.9098630873939856,1,1
2,63,44,1.0737622520355756,0.9252698879237957,1,1
3,51,40,1.0616474734123726,0.9480634429520829,1,1
4,69,32,1.0828023312497588,0.9405934431740699,1,1
5,73,44,1.0552595025993643,0.9218572543248714,1,1
