F_BUS,T_BUS,R,X,BSh,L_SMAX,status
1,2,0.030224591983258442,0.05134109065162787,0,1000,1
1,3,0.021461157862683537,0.06481409777974598,0,998,1
2,4,0.02156964044881072,0.06296606482290812,0,1007,1
3,5,0.025270396676559143,0.04556678424550256,0,1008,1
4,5,0.02955237667670419,0.04022004072960652,0,992,1
