BUS,PD,QD,Vmax,Vmin,basekV,zone
1,4.761775596572585,17.6317431887915,1.0573361197967532,0.9406427845069394,1,1
2,66.00779508597094,5.744120111760428,1.0867286527675226,0.9240259062942427,1,1
3,72.89017437580873,28.176492177620705,1.0858222271407953,0.9199894600407948,1,1
4,8.023849520705138,4.701575659900704,1.0624562423448995,0.9279151132978535,1,1
5,14.950934966979146,5.097627232294569,1.0534529595901447,0.9322660070373555,1,1
6,49.868428363570864,5.262378600922052,1.0823286562144654,0.9401465519800456,1,1
7,16.18821835433105,11.501253954373189,1.055747337817341,0.9147691259437076,1,1
8,29.237605866840244,7.198563667442332,1.0861100513361406,0.9325603865032243,1,1
9,68.57104651500451,3.0069610201952552,1.076386597194185,0.9417623110149377,1,1
