F_BUS,T_BUS,R,X,BSh,L_SMAX,status
1,2,0.02545809480313764,0.05210309558666271,0,1050,1
1,3,0.015682811773974573,0.05645992170324067,0,972,1
2,4,0.02938550089815318,0.10265455635248943,0,988,1
