BUS,P_MIN,P_MAX,Q_MIN,Q_MAX,P_COSTE0,P_COSTE1,P_COSTE2
1,0,98,-48,51,21,14,0.06581647614740875
2,0,101,-48,50,24,11,0.06254688697768622
3,0,99,-48,50,25,14,0.06636094759493905
