BUS,PD,QD,Vmax,Vmin,basekV,zone
1,64,42,1.0467703173628053,0.9450065950273089,1,1
2,44,44,1.0486255913375855,0.9454026506999849,1,1
3,45,37,1.0482901953320338,0.9472295629743274,1,1
4,64,51,1.0477596601075387,0.9486756545676037,1,1
